{
  "Тип": ["Акции", "Облигации", "Опцион", "Фьючерс"],
  "Тип.Корреляция": [
    [1, 0.75, 0.3, 0.3],
    [0.75, 1, 0, 0],
    [0.3, 0, 1, 0.9],
    [0.3, 0, 0.9, 1]
  ],
  "Акции": [
    "Банковский",
    "Потребительский",
    "Энергетический",
    "Технологический",
    "Промышленный"
  ],
  "Страна": ["Россия", "США", "Беларусь", "Китай", "Казахстан"],
  "Наличие дивидендов": ["Да", "Нет"],
  "Стабильность": ["Да", "Нет"],
  "Тип облигации": ["Частные", "Государственные"],
  "Тип опциона": ["Кол", "Пут"]
}
