[
  {
    "id": 0,
    "title": "Ценные бумаги",
    "parent": null
  },
  {
    "id": 1,
    "title": "Акции",
    "parent": [0]
  },
  {
    "id": 2,
    "title": "Облигации",
    "parent": [0]
  },
  {
    "id": 3,
    "title": "Опцион",
    "parent": [0]
  },
  {
    "id": 4,
    "title": "Фьючерс",
    "parent": [0]
  },
  {
    "id": 5,
    "title": "Государственные",
    "parent": [2, 0]
  },
  {
    "id": 6,
    "title": "Частные",
    "parent": [2, 0]
  },
  {
    "id": 7,
    "title": "Банковский",
    "parent": [1, 0]
  },
  {
    "id": 8,
    "title": "Потребительский",
    "parent": [1, 0]
  },
  {
    "id": 9,
    "title": "Энергетический",
    "parent": [1, 0]
  },
  {
    "id": 10,
    "title": "Технологический",
    "parent": [1, 0]
  },
  {
    "id": 11,
    "title": "Промышленный",
    "parent": [1, 0]
  },
  {
    "id": 12,
    "title": "Кол",
    "parent": [3, 0]
  },
  {
    "id": 13,
    "title": "Пут",
    "parent": [3, 0]
  },
  {
    "id": 14,
    "title": "3 мес",
    "parent": [4, 0]
  },
  {
    "id": 15,
    "title": "6 мес",
    "parent": [4, 0]
  },
  {
    "id": 16,
    "title": "12 мес",
    "parent": [6, 0]
  },
  {
    "id": 17,
    "title": "Сбер",
    "parent": [7, 1, 0],
    "Name": 1
  },
  {
    "id": 18,
    "title": "Магнит",
    "parent": [8, 1, 0],
    "Name": 2
  },
  {
    "id": 19,
    "title": "X5",
    "parent": [8, 1, 0],
    "Name": 3
  },
  {
    "id": 20,
    "title": "Macy's",
    "parent": [8, 1, 0],
    "Name": 4
  },
  {
    "id": 21,
    "title": "Лукойл",
    "parent": [9, 1, 0],
    "Name": 5
  },
  {
    "id": 22,
    "title": "Газпром",
    "parent": [9, 1, 0],
    "Name": 6
  },
  {
    "id": 23,
    "title": "Microsoft",
    "parent": [10, 1, 0],
    "Name": 7
  },
  {
    "id": 24,
    "title": "Apple",
    "parent": [10, 1, 0],
    "Name": 8
  },
  {
    "id": 25,
    "title": "Intel",
    "parent": [10, 1, 0],
    "Name": 9
  },
  {
    "id": 26,
    "title": "ОФЗ США",
    "parent": [5, 2, 0],
    "Name": 10
  },
  {
    "id": 27,
    "title": "ОФЗ Россия",
    "parent": [5, 2, 0],
    "Name": 11
  },
  {
    "id": 28,
    "title": "ОФЗ Беларусь",
    "parent": [5, 2, 0],
    "Name": 12
  },
  {
    "id": 29,
    "title": "РусАтом",
    "parent": [9, 1, 0],
    "Name": 13
  },
  {
    "id": 30,
    "title": "Новатэк облигации",
    "parent": [6, 2, 0],
    "Name": 14
  },
  {
    "id": 31,
    "title": "Норникель облигации",
    "parent": [6, 2, 0],
    "Name": 15
  },
  {
    "id": 32,
    "title": "Камаз облигации",
    "parent": [6, 2, 0],
    "Name": 16
  },
  {
    "id": 33,
    "title": "Alibaba",
    "parent": [8, 1, 0],
    "Name": 17
  },
  {
    "id": 34,
    "title": "HP",
    "parent": [10, 1, 0],
    "Name": 18
  },
  {
    "id": 35,
    "title": "Яндекс",
    "parent": [10, 1, 0],
    "Name": 19
  },
  {
    "id": 36,
    "title": "VK",
    "parent": [10, 1, 0],
    "Name": 20
  },
  {
    "id": 37,
    "title": "Автодор облигации",
    "parent": [6, 2, 0],
    "Name": 21
  },
  {
    "id": 38,
    "title": "ВТБ Облигации",
    "parent": [6, 2, 0],
    "Name": 22
  },
  {
    "id": 39,
    "title": "Альфа Облигации",
    "parent": [6, 2, 0],
    "Name": 23
  },
  {
    "id": 40,
    "title": "Газпром Облигации",
    "parent": [6, 2, 0],
    "Name": 24
  },
  {
    "id": 41,
    "title": "ПромсвязьБанк Облигации",
    "parent": [6, 2, 0],
    "Name": 25
  },
  {
    "id": 42,
    "title": "Селектел Облигации",
    "parent": [6, 2, 0],
    "Name": 26
  },
  {
    "id": 43,
    "title": "Газпром Нефть Облигации",
    "parent": [6, 2, 0],
    "Name": 27
  },
  {
    "id": 44,
    "title": "СовкомБанк",
    "parent": [7, 1, 0],
    "Name": 28
  },
  {
    "id": 45,
    "title": "ПИК",
    "parent": [11, 1, 0],
    "Name": 29
  },
  {
    "id": 46,
    "title": "ГК Самолет Облигации",
    "parent": [6, 2, 0],
    "Name": 30
  },
  {
    "id": 47,
    "title": "ТФН",
    "parent": [11, 1, 0],
    "Name": 31
  },
  {
    "id": 48,
    "title": "ТМК",
    "parent": [11, 1, 0],
    "Name": 32
  },
  {
    "id": 49,
    "title": "ВТБ",
    "parent": [7, 1, 0],
    "Name": 33
  },
  {
    "id": 50,
    "title": "AMD",
    "parent": [10, 1, 0],
    "Name": 34
  },
  {
    "id": 51,
    "title": "McDonalds",
    "parent": [15, 4, 0],
    "Name": 35
  },
  {
    "id": 52,
    "title": "Coca-Cola",
    "parent": [12, 3, 0],
    "Name": 36
  },
  {
    "id": 53,
    "title": "Золото",
    "parent": [13, 3, 0],
    "Name": 37
  },
  {
    "id": 54,
    "title": "Медь",
    "parent": [13, 3, 0],
    "Name": 38
  },
  {
    "id": 55,
    "title": "Сталь",
    "parent": [13, 3, 0],
    "Name": 39
  },
  {
    "id": 56,
    "title": "Никель",
    "parent": [12, 3, 0],
    "Name": 40
  },
  {
    "id": 57,
    "title": "Железо",
    "parent": [12, 3, 0],
    "Name": 41
  },
  {
    "id": 58,
    "title": "Нефть",
    "parent": [13, 3, 0],
    "Name": 42
  },
  {
    "id": 59,
    "title": "Pepsi",
    "parent": [14, 4, 0],
    "Name": 43
  },
  {
    "id": 60,
    "title": "Nesquiq",
    "parent": [14, 4, 0],
    "Name": 44
  },
  {
    "id": 61,
    "title": "Hasbro",
    "parent": [16, 4, 0],
    "Name": 45
  },
  {
    "id": 62,
    "title": "Lego",
    "parent": [15, 4, 0],
    "Name": 46
  },
  {
    "id": 63,
    "title": "Lipton",
    "parent": [15, 4, 0],
    "Name": 47
  }
]
